# scope	target	old source	new source	mode
shared	~/.bash_profile	mise-dots/bash_profile	files/home/.bash_profile	symlink
shared	~/.bashrc	mise-dots/bashrc	files/home/.bashrc	symlink
shared	~/.bunfig.toml	mise-dots/bunfig.toml	files/home/.bunfig.toml	symlink
shared	~/.codex/.ignore	mise-dots/codex/.ignore	files/home/.codex/.ignore	symlink
shared	~/.codex/AGENTS.md	mise-dots/codex/AGENTS.md	files/home/.codex/AGENTS.md	symlink
shared	~/.config/btop	mise-dots/config/btop	files/home/.config/btop	symlink
shared	~/.config/curlrc	mise-dots/config/curlrc	files/home/.config/curlrc	symlink
shared	~/.config/ghostty	mise-dots/config/ghostty	files/home/.config/ghostty	symlink
shared	~/.config/git	mise-dots/config/git	files/home/.config/git	symlink-each
shared	~/.config/ripgreprc	mise-dots/config/ripgreprc	files/home/.config/ripgreprc	symlink
shared	~/.config/shell	mise-dots/config/shell	files/home/.config/shell	symlink-each
shared	~/.config/starship.toml	mise-dots/config/starship.toml	files/home/.config/starship.toml	symlink
shared	~/.config/tmux	mise-dots/config/tmux	files/home/.config/tmux	symlink
shared	~/.config/uv	mise-dots/config/uv	files/home/.config/uv	symlink
shared	~/.digrc	mise-dots/digrc	files/home/.digrc	symlink
shared	~/.gitconfig	mise-dots/gitconfig	files/home/.gitconfig	symlink
shared	~/.inputrc	mise-dots/inputrc	files/home/.inputrc	symlink
shared	~/.local/bin	mise-dots/xdg-bin	files/home/.local/bin	symlink-each
shared	~/.npmrc	mise-dots/npmrc	files/home/.npmrc	symlink
shared	~/.screenrc	mise-dots/screenrc	files/home/.screenrc	symlink
shared	~/.ssh/config	mise-dots/ssh/config	files/home/.ssh/config	symlink
macos	~/.config/borders/bordersrc	mise-dots/macos/bordersrc	files/home/.config/borders/bordersrc	symlink
macos	~/.config/linearmouse/linearmouse.json	mise-dots/macos/linearmouse.json	files/home/.config/linearmouse/linearmouse.json	symlink
macos	~/.local/bin/fix-tahoe-focus	mise-dots/macos/xdg-bin/fix-tahoe-focus	files/home/.local/bin/fix-tahoe-focus	symlink
macos	~/.local/bin/flush-dns	mise-dots/macos/xdg-bin/flush-dns	files/home/.local/bin/flush-dns	symlink
macos	~/.local/bin/restart-soundsource	mise-dots/macos/xdg-bin/restart-soundsource	files/home/.local/bin/restart-soundsource	symlink
macos	~/.local/bin/try	mise-dots/macos/xdg-bin/try-darwin-aarch64	files/home/.local/bin/try-darwin-aarch64	symlink
macos	~/Library/Application Support/Sublime Text 3/Packages/User	mise-dots/config/sublime-text/Packages/User	files/home/.config/sublime-text/Packages/User	symlink
macos	~/Library/Application Support/Rectangle Pro/RectangleProConfig.json	mise-dots/macos/RectangleProConfig.json	files/home/Library/Application Support/Rectangle Pro/RectangleProConfig.json	copy
macos	~/Library/Application Support/Tuna/config.toml	mise-dots/macos/tuna.toml	files/home/Library/Application Support/Tuna/config.toml	symlink
linux	~/.config/hypr	mise-dots/linux/hypr	files/home/.config/hypr	symlink
linux	~/.config/keyd	mise-dots/linux/keyd	files/home/.config/keyd	symlink
linux	~/.config/omarchy	mise-dots/linux/omarchy	files/home/.config/omarchy	symlink
linux	~/.config/sublime-text/Packages/User	mise-dots/config/sublime-text/Packages/User	files/home/.config/sublime-text/Packages/User	symlink
linux	~/.config/uwsm	mise-dots/linux/uwsm	files/home/.config/uwsm	symlink
linux	~/.config/walker	mise-dots/linux/walker	files/home/.config/walker	symlink
linux	~/.config/waybar	mise-dots/linux/waybar	files/home/.config/waybar	symlink
linux	~/.local/bin/screen	mise-dots/linux/xdg-bin/screen-5.0.1	files/home/.local/bin/screen-5.0.1	symlink
linux	~/.local/bin/try	mise-dots/linux/xdg-bin/try-linux-x86_64	files/home/.local/bin/try-linux-x86_64	symlink
support	-	mise-dots/macos/BetterDisplay.plist	files/macos/BetterDisplay.plist	asset
support	-	mise-dots/macos/unsupported-defaults.json	files/macos/unsupported-defaults.json	asset
